real,pred
1.0328081,1.1953592
1.0648986,1.2265878
1.0738125,1.2351578
1.0882881,1.2360781
1.1022358,1.2515006
1.118808,1.2841167
1.1517177,1.279527
1.1707038,1.2978556
1.1713873,1.3094686
1.1745417,1.3304799
1.1715091,1.3251321
1.1667901,1.3235766
1.1549436,1.3267457
1.1475482,1.343743
1.1356807,1.2896113
1.1210895,1.283642
1.105014,1.2605296
1.0878662,1.2212125
1.0698981,1.188588
1.0514364,1.1758955
1.032599,1.1365678
1.0130601,1.0849983
0.99431217,1.0714989
0.978614,1.0416516
